ARCHITECTURE FONCTIONNELLE : PROJET > JEU / AGENCE > INSTANCE CLIENT;;;;;;;;;;;;;;;;;;;;;;;;;
;;;;;;;;;;;;;;;;;;;;;;;;;
Principe directeur : le Projet conçoit et gouverne, le Jeu éprouve et démontre, l’Agence fournit les capacités, le Client définit les finalités métier.;;;;;;;;;;;;;;;;;;;;;;;;;
;;;;;;;;;;;;;;;;;;;;;;;;;
Niveau;Finalité;Entrées majeures;Fonctions internes;Sorties majeures;Décideur;Boucle de retour;Règle de séparation;;;;;;;;;;;;;;;;;;
P0 - PROJET GLOBAL;Concevoir, financer, gouverner, valider et commercialiser l’ensemble Jeu + Agence.;"Vision du créateur; besoins marché; contraintes; retours Jeu, Agence et clients.";"Vision Projet; philosophie Projet; politique Projet; objectif ultime; stratégie globale; portefeuille; roadmap; architecture; gouvernance du changement.";"Versions du produit; scénarios de Jeu; offre commerciale; standards; décisions d’investissement; priorités.";Gouvernance du Projet / éditeur;"Reçoit les preuves de validation du Jeu, les métriques produit et les retours clients; arbitre la roadmap.";Ne doit pas être embarqué intégralement chez le Client. Il gouverne la création du produit, pas l’activité métier de l’acheteur.;;;;;;;;;;;;;;;;;;
P1 - JEU;Éprouver, simuler, expliquer et démontrer les capacités de l’Agence dans un environnement contrôlé.;"Hypothèses; scénarios; version Agence; jeux de données de test; critères de réussite.";"Règles du Jeu; scénarisation; événements; simulation; observation; journalisation; scoring; comparaison des résultats.";"Résultats de tests; anomalies; preuves; démonstrations; enseignements; demandes d’évolution.";Responsable Jeu dans le cadre fixé par le Projet;Retourne au Projet et à l’Agence les écarts, limites et opportunités observés.;Le Jeu teste l’Agence. Il ne définit ni la gouvernance générale du produit ni la philosophie métier du Client.;;;;;;;;;;;;;;;;;;
P2 - AGENCE PRODUIT;Transformer une gouvernance et des objectifs configurés en actions coordonnées, fiables, traçables et mesurables.;"Constitution produit; configuration Client; données autorisées; objectifs; politiques; processus; ressources.";"Noyau constitutionnel; moteur de gouvernance; moteur stratégique; moteur opérationnel; orchestration d’agents; contrôle; audit; analyse; amélioration.";"Plans; décisions; tâches; livrables; journaux; alertes; indicateurs; propositions d’amélioration.";"Éditeur pour le noyau; Client pour la configuration autorisée";"Mesure ses résultats; alimente l’Instance Client et, sous gouvernance, les améliorations produit.";L’Agence impose ses invariants de sûreté et d’intégrité, mais n’impose pas une philosophie métier universelle.;;;;;;;;;;;;;;;;;;
P3 - INSTANCE CLIENT;Adapter l’Agence aux finalités, politiques, priorités et processus propres à l’organisation acheteuse.;"Raison d’être; vision; philosophie métier; politiques; objectif ultime; objectifs stratégiques; organisation; données; contraintes.";"Paramétrage; sélection d’agents; spécialisation des rôles; workflows; contrôles métier; tableaux de bord; gestion des exceptions.";"Résultats métier; livrables; décisions; KPI; preuves; demandes de changement; retours utilisateurs.";Client, selon ses rôles et délégations;"Ajuste sa configuration; transmet les incidents et besoins produit sans exposer les données non autorisées.";Le Client contrôle ses finalités métier dans les limites du contrat, de la réglementation et des invariants du produit.;;;;;;;;;;;;;;;;;;
P4 - EXÉCUTION;Réaliser concrètement les activités individuelles ou automatisées.;"Tâche autorisée; contexte; entrées; délai; priorité; règles; droits; critères d’acceptation.";"Prise en charge; vérification des prérequis; exécution; production; contrôle; correction; preuve; clôture.";"Livrable; statut; preuve; métrique; anomalie éventuelle; journal d’exécution.";"Agent ou humain responsable; validateur désigné";Remonte progression, qualité, incidents et résultats à l’Instance Client et au moteur de contrôle.;Aucune tâche ne doit exister sans rattachement à un processus, un objectif, une politique et un contrôle.;;;;;;;;;;;;;;;;;;
;;;;;;;;;;;;;;;;;;;;;;;;;
;;;;;;;;;;;;;;;;;;;;;;;;;
CASCADE FONCTIONNELLE ET BOUCLES DE CONTRÔLE;;;;;;;;;;;;;;;;;;;;;;;;;
;;;;;;;;;;;;;;;;;;;;;;;;;
Étape;Objet source;Transformation;Objet cible;Contrôle de cohérence;Preuve attendue;Retour si écart;Identifiant type;;;;;;;;;;;;;;;;;;
1;Vision / philosophie Projet;Traduction en principes de conception et arbitrages;Politique Projet;Chaque règle doit soutenir au moins un principe;Décision documentée;Revue de gouvernance Projet;PHI-P / POL-P;;;;;;;;;;;;;;;;;;
2;Politique Projet + objectif ultime;Choix des voies de réalisation;Stratégie globale Projet;Contribution démontrable à l’objectif ultime;Carte stratégique;Réviser ou supprimer la stratégie;OU-P / SG-P;;;;;;;;;;;;;;;;;;
3;Stratégie globale;Décomposition en résultats durables;Objectifs stratégiques;Objectifs mesurables, non contradictoires et couverts;Fiche objectif + KPI;Arbitrage portefeuille;OS-P;;;;;;;;;;;;;;;;;;
4;Objectifs stratégiques;Organisation des chantiers;Programmes Jeu, Agence, commercialisation;Chaque programme a un sponsor, un résultat et une mesure;Charte programme;Reprioriser / suspendre;PG-P;;;;;;;;;;;;;;;;;;
5;Programme Jeu;Définition d’expériences reproductibles;Scénarios et critères de validation;Traçabilité scénario > capacité testée;Rapport d’essai;Corriger scénario ou Agence;SC-J / TEST-J;;;;;;;;;;;;;;;;;;
6;Programme Agence;Conception de capacités réutilisables;Modules, services et règles produit;Séparation noyau fixe / configuration / personnalisation;Spécification + version;Revue d’architecture;CAP-A / VER-A;;;;;;;;;;;;;;;;;;
7;Besoins Client;Formalisation de la gouvernance métier;Configuration de l’Instance Client;Compatibilité avec les invariants du produit;Dossier de configuration approuvé;Refuser, adapter ou développer spécifiquement;CFG-C;;;;;;;;;;;;;;;;;;
8;Objectifs Client;Décomposition opérationnelle;Processus, blocs de tâches et tâches;Toute tâche remonte sans rupture à un objectif et une politique;Matrice de traçabilité;Redéfinir, rattacher ou supprimer;OBJ-C / PR-C / BT-C / T-C;;;;;;;;;;;;;;;;;;
9;Exécution;Mesure et contrôle;Livrables, preuves, KPI, anomalies;Résultat conforme aux critères d’acceptation;Journal + preuve de clôture;Correction, escalade ou changement;LIV / KPI / ANO;;;;;;;;;;;;;;;;;;
10;Résultats et retours;Analyse multi-niveaux;Amélioration Client, Agence, Jeu ou Projet;Le changement est traité au bon niveau de propriété;Demande de changement versionnée;Boucle vers le propriétaire concerné;CHG-P/J/A/C;;;;;;;;;;;;;;;;;;
